 USE Student_Management
 GO

 -- INSERT VALUES INTO THE FACULTY TABLE
 INSERT INTO FACULTY(ID, NAME, YEAR_ESTABLISH)	VALUES ('CNTT', N'Công nghệ thông tin', 1995)
 GO
 INSERT INTO FACULTY VALUES('VL', N'Vật Lý', 1970)
 GO

 -- INSERT VALUES INTO THE COURSE TABLE
 INSERT INTO COURSE VALUES ('K2002', 2002, 2006)
 GO
 INSERT INTO COURSE VALUES ('K2003', 2003, 2007)
 GO
 INSERT INTO COURSE VALUES ('K2004', 2004, 2008)
 GO

 -- INSERT VALUES INTO THE PROGRAM 
 INSERT INTO PROGRAM VALUES ('CQ', N'Chính Qui')
 GO

 -- INSERT VALUES INTO THE CLASS TABLE
 INSERT INTO CLASS VALUES ('TH2002/01', 'CNTT', 'K2002', 'CQ', 1)
 GO
 INSERT INTO CLASS VALUES ('TH2002/02', 'CNTT', 'K2002', 'CQ', 2)
 GO
 INSERT INTO CLASS VALUES ('VL2003/01', 'VL', 'K2003', 'CQ', 1)
 GO

 -- INSERT VALUES INTO THE STUDENT TABLE
 INSERT INTO STUDENT  VALUES ('0212001', 'TH2002/01', N'Nguyễn Vĩnh An', 1984, N'Kinh')
 GO
 INSERT INTO STUDENT  VALUES ('0212002', 'TH2002/01', N'Nguyễn Thanh Bình', 1985, N'Kinh' )
 GO
 INSERT INTO STUDENT  VALUES ('0212003', 'TH2002/02', N'Nguyễn Thanh Cường', 1984, N'Kinh')
 GO
 INSERT INTO STUDENT  VALUES ('0212004', 'TH2002/02', N'Nguyễn Quốc Duy', 1983, N'Kinh')
 GO
 INSERT INTO STUDENT  VALUES ('0311001', 'VL2003/01', N'Phan Tuấn Anh', 1985, N'Kinh')
 GO
 INSERT INTO STUDENT  VALUES ('0311002', 'VL2003/01', N'Huỳnh Thanh Sang', 1984, N'Kinh')
 GO

 -- INSERT VALUES INTO  SUBJECT TABLE
 INSERT INTO SUBJECT VALUES ('THT01','CNTT', N'Toán Cao cấp A1' )
 GO
 INSERT INTO SUBJECT VALUES ('VLT01','VL', N'Toán Cao cấp A1' )
 GO
 INSERT INTO SUBJECT VALUES ('THT02','CNTT', N'Toán rời rạc' )
 GO
 INSERT INTO SUBJECT VALUES ('THCS01','CNTT', N'Cấu trúc dữ liệu 1' )
 GO
 INSERT INTO SUBJECT VALUES ('THCS02','CNTT', N'Hệ điều hành' )
 GO


 -- INSERT VALUES INTO  RESULT TABLE
 INSERT INTO RESULT VALUES ('0212001', 'THT01', 1, 4)
 GO
 INSERT INTO RESULT VALUES ('0212001', 'THT01', 2, 7)
 GO
 INSERT INTO RESULT VALUES ('0212002', 'THT01', 1, 8)
 GO
 INSERT INTO RESULT VALUES ('0212003', 'THT01', 1, 6)
 GO
 INSERT INTO RESULT VALUES ('0212004', 'THT01', 1, 9)
 GO
 INSERT INTO RESULT VALUES ('0212001', 'THT02', 1, 8)
 GO
 INSERT INTO RESULT VALUES ('0212002', 'THT02', 1, 5.5)
 GO
 INSERT INTO RESULT VALUES ('0212003', 'THT02', 1, 4)
 GO
 INSERT INTO RESULT VALUES ('0212003', 'THT02', 2, 6)
 GO
 INSERT INTO RESULT VALUES ('0212001', 'THCS01', 1, 6.5)
 GO
 INSERT INTO RESULT VALUES ('0212002', 'THCS01', 1, 4)
 GO
 INSERT INTO RESULT VALUES ('0212003', 'THCS01', 1, 7)
 GO

 -- INSERT VALUES INTO DETAIL_PROGRAM
 INSERT INTO DETAIL_PROGRAM VALUES ('CQ', 'CNTT', 'THT01', 2003, 1, 60, 30, 5)
 GO
 INSERT INTO DETAIL_PROGRAM VALUES ('CQ', 'CNTT', 'THT02', 2003, 2, 45, 30, 4)
 GO
 INSERT INTO DETAIL_PROGRAM VALUES ('CQ', 'CNTT', 'THCS01', 2004, 1, 45, 30, 4)
 GO

 ----------------------------------------------------------------------------------------------------------------------------------------------
 